{
  "server.js": 1776294325.4281778,
  "voice-bridge.js": 1776283263.2694323,
  "clients/loader.js": 1776234934.092886,
  "subagents/store.js": 1773780030.3936958,
  "subagents/intelligence/objection-handler.js": 1773780140.6398358,
  "subagents/intelligence/intent-classifier.js": 1773780074.6136456,
  "subagents/intelligence/sentiment-analyzer.js": 1773780051.1844983,
  "subagents/intelligence/lead-scorer.js": 1773780096.028677,
  "subagents/intelligence/churn-predictor.js": 1773780117.9292428,
  "subagents/compliance/tcpa-checker.js": 1775537703.4298823,
  "subagents/compliance/optout-manager.js": 1773780318.4672136,
  "subagents/compliance/spam-score-checker.js": 1773780383.0398455,
  "subagents/compliance/message-quality-scorer.js": 1773780361.9971437,
  "subagents/business-intelligence/appointment-analyzer.js": 1773780262.9073985,
  "subagents/business-intelligence/payment-intelligence.js": 1773780280.773374,
  "subagents/business-intelligence/campaign-tracker.js": 1773780223.419603,
  "subagents/business-intelligence/upsell-intelligence.js": 1773780300.009401,
  "subagents/business-intelligence/faq-extractor.js": 1773780244.5513883,
  "subagents/integrations/calendar-sync.js": 1773780521.662964,
  "subagents/integrations/crm-sync.js": 1773780541.5741932,
  "subagents/integrations/payment-link-generator.js": 1773780562.5952234,
  "subagents/integrations/review-link-fetcher.js": 1773780581.03586,
  "subagents/integrations/google-business-monitor.js": 1773780498.364041,
  "subagents/automation/referral-tracker.js": 1773780449.0894108,
  "subagents/automation/best-time-sender.js": 1773780431.8210711,
  "subagents/automation/reengagement-scheduler.js": 1773780468.430038,
  "subagents/automation/sequence-orchestrator.js": 1775537675.2835388,
  "subagents/customer/conversation-summarizer.js": 1773780174.7821252,
  "subagents/customer/personalization-engine.js": 1773780194.5295532,
  "subagents/customer/customer-profiler.js": 1773780158.5841196,
  "subagents/customer/vip-detector.js": 1773780210.7481725,
  "agents/worker-guardian.js": 1776139101.0058908,
  "agents/scenario-warden.js": 1776139142.4509645,
  "agents/live-test.js": 1776141129.6294305,
  "scripts/build-scenarios.js": 1776140511.9100072,
  "lib/events.js": 1776138586.6738951,
  "lib/industry-learnings.js": 1776133314.1817427,
  "lib/client-intel.js": 1775773402.971238,
  "lib/make-client.js": 1776141116.6541517,
  "lib/monitor.js": 1775773370.4650912,
  "lib/monitor-helpers.js": 1775773375.1437027,
  "lib/worker-state.js": 1775773527.4760332,
  "lib/mock-anthropic.js": 1775773505.9377546,
  "lib/ai-client.js": 1776294760.4671295,
  "lib/doctor.js": 1776139192.9760075,
  "lib/client-prefs.js": 1776133370.8273637,
  "lib/twilio-client.js": 1776294271.8964953,
  "lib/deploy-watch.js": 1775781581.0566106,
  "lib/task-counter.js": 1775773073.9183474,
  "workers/booking.js": 1776287013.5728188,
  "workers/onboarding.js": 1776295702.3001783,
  "workers/quote.js": 1776295702.331178,
  "workers/status-updater.js": 1776287127.2952533,
  "workers/receptionist.js": 1776285141.9364119,
  "workers/reactivation.js": 1776295702.3373382,
  "workers/waitlist.js": 1776295702.515437,
  "workers/intake.js": 1776287022.9511476,
  "workers/memory.js": 1776286992.961945,
  "workers/weekly-report.js": 1776290011.4874415,
  "workers/upsell.js": 1776295702.5095994,
  "workers/faq.js": 1776285136.8611085,
  "workers/review-requester.js": 1776295702.5052965,
  "workers/reminder.js": 1776295702.5005896,
  "workers/referral.js": 1776295702.4958496,
  "workers/base.js": 1776287001.3384385,
  "workers/invoice-chaser.js": 1776295702.067421,
  "workers/twilio-sender.js": 1776295652.1264868,
  "workers/after-hours.js": 1776287091.735949,
  "workers/integration-dispatcher.js": 1776276529.1872847,
  "workers/lead-followup.js": 1776295702.238778,
  "workers/transaction-tracker/db.js": 1773984903.2955253,
  "workers/transaction-tracker/index.js": 1773985166.483166,
  "workers/transaction-tracker/dotloop.js": 1773984939.9659417,
  "workers/transaction-tracker/docusign.js": 1773984968.7955995,
  "workers/transaction-tracker/jobs.js": 1773985088.872832,
  "workers/transaction-tracker/tracker.js": 1773985027.8810132,
  "workers/rent-collector/db.js": 1773985707.3531182,
  "workers/rent-collector/index.js": 1773985820.7885838,
  "workers/rent-collector/buildium.js": 1773985736.0734658,
  "workers/rent-collector/sms.js": 1773985745.8583488,
  "workers/rent-collector/jobs.js": 1773985789.8505611,
  "workers/lead-incubator/db.js": 1773984416.22437,
  "workers/lead-incubator/followupboss.js": 1773984215.1461935,
  "workers/lead-incubator/index.js": 1773984167.2204657,
  "workers/lead-incubator/nurture.js": 1773984296.6715555,
  "workers/lead-incubator/jobs.js": 1773984372.2790797,
  "workers/bay-boss/index.js": 1773986666.1009436,
  "workers/bay-boss/scheduler.js": 1773986666.1014535,
  "workers/bay-boss/tekmetric.js": 1773986666.1017928,
  "workers/bay-boss/jobs.js": 1773986666.1020439,
  "workers/bay-boss/calendar.js": 1773986666.1023867,
  "workers/rebook-reminder/booking.js": 1773986666.0764735,
  "workers/rebook-reminder/db.js": 1773986666.0769851,
  "workers/rebook-reminder/index.js": 1773986666.0772762,
  "workers/rebook-reminder/sms.js": 1773986666.0777562,
  "workers/rebook-reminder/jobs.js": 1773986666.0780702,
  "workers/renewal-radar/outreach.js": 1773986666.1047673,
  "workers/renewal-radar/carriers.js": 1773986666.1052244,
  "workers/renewal-radar/index.js": 1773986666.105523,
  "workers/renewal-radar/ezlynx.js": 1773986666.106065,
  "workers/renewal-radar/jobs.js": 1773986666.1063082,
  "workers/cash-flow-guardian/db.js": 1773983380.5703862,
  "workers/cash-flow-guardian/index.js": 1773983442.8619866,
  "workers/cash-flow-guardian/quickbooks.js": 1773983274.4218547,
  "workers/cash-flow-guardian/sms.js": 1773983391.9279945,
  "workers/cash-flow-guardian/jobs.js": 1773983353.729004,
  "workers/cash-flow-guardian/reports.js": 1773983308.3787508,
  "workers/cross-sell-scanner/analyzer.js": 1773986666.0967577,
  "workers/cross-sell-scanner/outreach.js": 1773986666.0969937,
  "workers/cross-sell-scanner/index.js": 1773986666.0975368,
  "workers/cross-sell-scanner/jobs.js": 1773986666.0980005,
  "workers/cross-sell-scanner/ams.js": 1773986666.0982187,
  "workers/maintenance-dispatcher/appfolio.js": 1773985504.4614117,
  "workers/maintenance-dispatcher/db.js": 1773985488.3922968,
  "workers/maintenance-dispatcher/index.js": 1773985591.6657507,
  "workers/maintenance-dispatcher/sms.js": 1773985513.8499017,
  "workers/maintenance-dispatcher/jobs.js": 1773985553.7340193,
  "workers/billable-hour-hawk/billing-api.js": 1773984298.2338977,
  "workers/billable-hour-hawk/index.js": 1773984515.067644,
  "workers/billable-hour-hawk/invoicing.js": 1773984411.488339,
  "workers/billable-hour-hawk/jobs.js": 1773984447.1353273,
  "workers/billable-hour-hawk/tracker.js": 1773984352.2467208,
  "workers/compliance-watchdog/db.js": 1773985495.1926627,
  "workers/compliance-watchdog/index.js": 1773985632.5582058,
  "workers/compliance-watchdog/sms.js": 1773985557.0477574,
  "workers/compliance-watchdog/jobs.js": 1773985592.8341517,
  "workers/compliance-watchdog/ams.js": 1773985524.5398412,
  "workers/compliance-watchdog/reports.js": 1773985546.0379543,
  "workers/sub-scheduler/db.js": 1773985254.5929852,
  "workers/sub-scheduler/index.js": 1773985429.7876093,
  "workers/sub-scheduler/buildertrend.js": 1773985270.3764665,
  "workers/sub-scheduler/sms.js": 1773985300.8734798,
  "workers/sub-scheduler/jobs.js": 1773985332.8798878,
  "workers/sub-scheduler/calendar.js": 1773985291.530966,
  "workers/change-order-tracker/db.js": 1773985062.870101,
  "workers/change-order-tracker/index.js": 1773985160.474276,
  "workers/change-order-tracker/quickbooks.js": 1773985094.673874,
  "workers/change-order-tracker/jobs.js": 1773985128.7173035,
  "workers/change-order-tracker/procore.js": 1773985081.0222356,